Protein identifier	Contig id	Start	Stop	Strand	Gene symbol	Sequence name	Scope	Element type	Element subtype	Class	Subclass	Method	Target length	Reference sequence length	% Coverage of reference sequence	% Identity to reference sequence	Alignment length	Accession of closest sequence	Name of closest sequence	HMM id	HMM description
MMHCIOPA_02448	MMHCIOPA_16	36041	38443	-	parC_S80F	Staphylococcus aureus quinolone resistant ParC	core	AMR	POINT	QUINOLONE	QUINOLONE	POINTP	800	800	100.00	99.50	800	WP_001289586.1	DNA topoisomerase IV subunit A ParC	NA	NA
MMHCIOPA_02569	MMHCIOPA_21	485	1951	+	msr(A)	ABC-F type ribosomal protection protein Msr(A)	core	AMR	AMR	MACROLIDE/STREPTOGRAMIN	ERYTHROMYCIN/STREPTOGRAMIN B	EXACTP	488	488	100.00	100.00	488	WP_000438874.1	ABC-F type ribosomal protection protein Msr(A)	NF000256.1	ABC-F type ribosomal protection protein Msr(A)
MMHCIOPA_02570	MMHCIOPA_21	2050	2949	+	mph(C)	Mph(C) family macrolide 2'-phosphotransferase	core	AMR	AMR	MACROLIDE	ERYTHROMYCIN/SPIRAMYCIN/TELITHROMYCIN	EXACTP	299	299	100.00	100.00	299	WP_000196697.1	Mph(C) family macrolide 2'-phosphotransferase	NF000240.1	Mph(C) family macrolide 2'-phosphotransferase
MMHCIOPA_02581	MMHCIOPA_21	12182	13027	-	blaZ	penicillin-hydrolyzing class A beta-lactamase BlaZ	core	AMR	AMR	BETA-LACTAM	BETA-LACTAM	EXACTP	281	281	100.00	100.00	281	WP_000733287.1	penicillin-hydrolyzing class A beta-lactamase BlaZ	NF033139.1	penicillin-hydrolyzing class A beta-lactamase BlaZ
MMHCIOPA_02582	MMHCIOPA_21	13134	14891	+	blaR1	beta-lactam sensor/signal transducer BlaR1	core	AMR	AMR	BETA-LACTAM	BETA-LACTAM	BLASTP	585	585	100.00	95.38	585	WP_001096386.1	beta-lactam sensor/signal transducer BlaR1	NF033108.1	beta-lactam sensor/signal transducer BlaR1
MMHCIOPA_02583	MMHCIOPA_21	14881	15261	+	blaI	penicillinase repressor BlaI	core	AMR	AMR	BETA-LACTAM	BETA-LACTAM	BLASTP	126	126	100.00	98.41	126	WP_001284656.1	penicillinase repressor BlaI	NF000186.1	penicillinase repressor BlaI
MMHCIOPA_02588	MMHCIOPA_21	18463	19257	-	aph(3')-IIIa	aminoglycoside O-phosphotransferase APH(3')-IIIa	core	AMR	AMR	AMINOGLYCOSIDE	AMIKACIN/KANAMYCIN	EXACTP	264	264	100.00	100.00	264	WP_001096887.1	aminoglycoside O-phosphotransferase APH(3')-IIIa	NF033064.0	aminoglycoside O-phosphotransferase APH(3')-IIIa
MMHCIOPA_02589	MMHCIOPA_21	19350	19880	-	sat4	streptothricin N-acetyltransferase Sat4	core	AMR	AMR	STREPTOTHRICIN	STREPTOTHRICIN	BLASTP	176	180	100.00	97.78	180	WP_000627290.1	streptothricin N-acetyltransferase Sat4	NF000360.1	streptothricin N-acetyltransferase Sat4
NA	MMHCIOPA_21	19880	20512	-	ant(6)-Ia	aminoglycoside nucleotidyltransferase ANT(6)-Ia	core	AMR	AMR	AMINOGLYCOSIDE	STREPTOMYCIN	INTERNAL_STOP	211	302	69.87	99.53	211	WP_001255866.1	aminoglycoside nucleotidyltransferase ANT(6)-Ia	NA	NA
MMHCIOPA_02689	MMHCIOPA_29	1246	1980	+	erm(C)	23S rRNA (adenine(2058)-N(6))-methyltransferase Erm(C)	core	AMR	AMR	LINCOSAMIDE/MACROLIDE/STREPTOGRAMIN	CLINDAMYCIN/ERYTHROMYCIN/STREPTOGRAMIN B/TYLOSIN	EXACTP	244	244	100.00	100.00	244	WP_001003263.1	23S rRNA (adenine(2058)-N(6))-methyltransferase Erm(C)	NF012219.1	23S rRNA (adenine(2058)-N(6))-methyltransferase Erm(C)
MMHCIOPA_01233	MMHCIOPA_4	159820	161178	-	tet(38)	tetracycline efflux MFS transporter Tet(38)	core	AMR	AMR	TETRACYCLINE	TETRACYCLINE	BLASTP	452	450	100.00	100.00	450	WP_001100300.1	tetracycline efflux MFS transporter Tet(38)	NF012176.0	tetracycline efflux MFS transporter Tet(38)
MMHCIOPA_01312	MMHCIOPA_4	248822	249808	-	mecR1	beta-lactam sensor/signal transducer MecR1	core	AMR	AMR	BETA-LACTAM	METHICILLIN	PARTIALP	328	585	55.56	100.00	325	WP_000952923.1	beta-lactam sensor/signal transducer MecR1	NA	NA
MMHCIOPA_01313	MMHCIOPA_4	249908	251914	+	mecA	PBP2a family beta-lactam-resistant peptidoglycan transpeptidase MecA	core	AMR	AMR	BETA-LACTAM	METHICILLIN	EXACTP	668	668	100.00	100.00	668	WP_000721310.1	PBP2a family beta-lactam-resistant peptidoglycan transpeptidase MecA	NF000409.1	PBP2a family beta-lactam-resistant peptidoglycan transpeptidase MecA
MMHCIOPA_01338	MMHCIOPA_5	26768	29431	-	gyrA_S84L	Staphylococcus aureus quinolone resistant GyrA	core	AMR	POINT	QUINOLONE	QUINOLONE	POINTP	887	887	100.00	99.55	887	WP_000819084.1	DNA gyrase subunit A GyrA	NA	NA
MMHCIOPA_01682	MMHCIOPA_7	25312	25731	-	fosB	FosB/FosD family fosfomycin resistance bacillithiol transferase	core	AMR	AMR	FOSFOMYCIN	FOSFOMYCIN	EXACTP	139	139	100.00	100.00	139	WP_000920239.1	FosB/FosD family fosfomycin resistance bacillithiol transferase	NF000493.1	FosB/FosD family fosfomycin resistance bacillithiol transferase
MMHCIOPA_02027	MMHCIOPA_9	70754	72019	+	murA_G257D	Staphylococcus aureus fosfomycin resistant MurA	core	AMR	POINT	FOSFOMYCIN	FOSFOMYCIN	POINTP	421	421	100.00	99.52	421	WP_000358006.1	UDP-N-acetylglucosamine 1-carboxyvinyltransferase MurA	NA	NA
