EECGICBD_00332	ICEberg|394_cold-shock_protein_gi|281376355|gb|ADA65845.1|_[Lactococcus_lactis_subsp._lactis_KF147]	70.8	66	66	65	19	0	1	65	1	65	2.26e-31	101
EECGICBD_00869	ICEberg|394_cold-shock_protein_gi|281376355|gb|ADA65845.1|_[Lactococcus_lactis_subsp._lactis_KF147]	69.8	66	66	63	19	0	1	63	1	63	1.08e-29	97.4
EECGICBD_00869	ICEberg|173_CspA_gi|37955684|gb|AAP22523.1|_[Pseudomonas_aeruginosa]	60.3	69	66	63	25	0	4	66	7	69	1.04e-23	82.4
EECGICBD_02076	ICEberg|1096_chaperonin_GroEL_gi|7223842013|ref|YP_004144969.1|_[Mesorhizobium_ciceri_biovar_biserrulae_WSM1271]	60.3	555	538	539	210	3	2	538	3	539	1.46e-219	616
EECGICBD_02174	ICEberg|76_copper-transporting_ATPase_TcrA-like_protein_gi|157419717|gb|ABV55406.1|_[Streptococcus_dysgalactiae_subsp._equisimilis]	62.1	158	802	140	52	1	628	767	3	141	6.73e-53	178
EECGICBD_02554	ICEberg|394_cold-shock_protein_gi|281376355|gb|ADA65845.1|_[Lactococcus_lactis_subsp._lactis_KF147]	66.2	66	66	65	22	0	1	65	1	65	2.54e-28	94.0
EECGICBD_02582	ICEberg|812_transposase_gi|7374557470|ref|CCH26393.1|_[Streptococcus_pyogenes]	60.8	228	224	222	87	0	1	222	3	224	1.29e-96	279
EECGICBD_02583	ICEberg|812_transposase_gi|7374557470|ref|CCH26393.1|_[Streptococcus_pyogenes]	63.5	228	221	203	74	0	1	203	3	205	5.10e-93	270
EECGICBD_02583	ICEberg|76_transposase_gi|157419740|gb|ABV55429.1|_[Streptococcus_dysgalactiae_subsp._equisimilis]	63.1	227	221	203	74	1	1	203	3	204	1.54e-89	261
EECGICBD_02586	ICEberg|812_transposase_gi|7374557470|ref|CCH26393.1|_[Streptococcus_pyogenes]	60.8	228	224	222	87	0	1	222	3	224	3.67e-96	278
EECGICBD_02649	ICEberg|68_unknown_gi|209486298|gb|ACI48597.1|_[Staphylococcus_aureus]	99.3	271	271	270	2	0	1	270	1	270	1.88e-201	548
EECGICBD_02650	ICEberg|68_unknown_gi|209486299|gb|ACI48598.1|_[Staphylococcus_aureus]	96.7	480	480	480	16	0	1	480	1	480	0.0	938
EECGICBD_02651	ICEberg|68_BinL_gi|209486300|gb|ACI48599.1|_[Staphylococcus_aureus]	95.9	197	197	197	8	0	1	197	1	197	3.13e-136	377
EECGICBD_02652	ICEberg|68_BlaI_gi|209486301|gb|ACI48600.1|_[Staphylococcus_aureus]	100	126	126	126	0	0	1	126	1	126	4.09e-84	239
EECGICBD_02653	ICEberg|68_BlaR1_gi|209486302|gb|ACI48601.1|_[Staphylococcus_aureus]	100	585	585	585	0	0	1	585	1	585	0.0	1144
EECGICBD_02654	ICEberg|68_BlaZ_gi|209486303|gb|ACI48602.1|_[Staphylococcus_aureus]	100	281	281	281	0	0	1	281	1	281	2.17e-196	536
EECGICBD_02714	ICEberg|68_BlaI_gi|209486301|gb|ACI48600.1|_[Staphylococcus_aureus]	60.3	126	123	121	48	0	1	121	1	121	7.02e-43	135
EECGICBD_02722	ICEberg|837_Spw-like_protein_gi|1417996724|ref|ALT06032.1|_[Streptococcus_suis]	64.3	262	260	258	92	0	3	260	4	261	1.81e-118	337
EECGICBD_02722	ICEberg|445_streptomycin_3'-adenylyltransferase_gi|6725753772|ref|CBZ42061.1|_[Streptococcus_suis]	67.4	242	260	233	76	0	28	260	2	234	1.64e-114	326
EECGICBD_02722	ICEberg|937_3'-adenylyltransferase_gi|8325333061|ref|AIM40111.1|_[Bacteroides_fragilis]	63.4	154	260	153	56	0	108	260	1	153	2.32e-67	203
EECGICBD_02723	ICEberg|409_erythromycin_resistance_methylase_gi|338795766|emb|CBX19874.1|_[Streptococcus_pyogenes]	83.5	243	243	242	40	0	1	242	1	242	2.66e-123	348
EECGICBD_02723	ICEberg|793_erythromycin_resistance_methylase_gi|1734783601|ref|AKR53623.1|_[Streptococcus_agalactiae]	83.5	243	243	242	40	0	1	242	1	242	2.66e-123	348
EECGICBD_02723	ICEberg|439_erythromycin_resistance_methylase_gi|7618937186|ref|CBX20748.1|_[Streptococcus_pyogenes]	83.1	243	243	242	41	0	1	242	1	242	1.53e-122	346
EECGICBD_02747	ICEberg|65_ErmG_gi|33468439|emb|CAD89787.1|_[Bacteroides_ovatus]	69.2	244	208	208	64	0	1	208	1	208	1.08e-99	286
EECGICBD_02747	ICEberg|93_rRNA_methyltransferase_gi|854706|gb|AAC37034.1|_[Bacteroides_thetaiotaomicron]	69.2	244	208	208	64	0	1	208	1	208	1.08e-99	286
EECGICBD_02767	ICEberg|812_transposase_gi|7374557470|ref|CCH26393.1|_[Streptococcus_pyogenes]	61.0	228	224	223	85	2	1	222	3	224	1.05e-95	276
EECGICBD_02767	ICEberg|76_transposase_gi|157419740|gb|ABV55429.1|_[Streptococcus_dysgalactiae_subsp._equisimilis]	60.1	227	224	223	86	3	1	222	3	223	7.41e-91	264
